image ,label
100_no.jpg,0
10_no.jpg,0
11_no.jpg,0
12_no.jpg,0
13_no.jpg,0
14_no.jpg,0
15_no.jpg,0
17_no.jpg,0
18_no.jpg,0
19_no.jpg,0
1_no.jpg,0
20_no.jpg,0
21_no.jpg,0
22_no.jpg,0
23_no.jpg,0
24_no.jpg,0
25_no.jpg,0
26_no.jpg,0
27_no.jpg,0
28_no.jpg,0
29_no.jpg,0
2_no.jpg,0
30_no.jpg,0
31_no.jpg,0
32_no.jpg,0
33_no.jpg,0
34_no.jpg,0
35_no.jpg,0
36_no.jpg,0
37_no.jpg,0
38_no.jpg,0
39_no.jpg,0
3_no.jpg,0
40_no.jpg,0
41_no.jpg,0
42_no.jpg,0
43_no.jpg,0
44_no.jpg,0
45_no.jpg,0
46_no.jpg,0
47_no.jpg,0
48_no.jpg,0
49_no.jpg,0
4_no.jpg,0
50_no.jpg,0
51_no.jpg,0
52_no.jpg,0
53_no.jpg,0
55_no.jpg,0
56_no.jpg,0
57_no.jpg,0
58_no.jpg,0
59_no.jpg,0
5_no.jpg,0
60_no.jpg,0
61_no.jpg,0
62_no.jpg,0
63_no.jpg,0
64_no.jpg,0
65_no.jpg,0
66_no.jpg,0
67_no.jpg,0
68_no.jpg,0
69_no.jpg,0
6_no.jpg,0
70_no.jpg,0
71_no.jpg,0
72_no.jpg,0
73_no.jpg,0
74_no.jpg,0
75_no.jpg,0
76_no.jpg,0
77_no.jpg,0
78_no.jpg,0
79_no.jpg,0
7_no.jpg,0
80_no.jpg,0
81_no.jpg,0
82_no.jpg,0
83_no.jpg,0
84_no.jpg,0
85_no.jpg,0
86_no.jpg,0
87_no.jpg,0
88_no.jpg,0
89_no.jpg,0
8_no.jpg,0
90_no.jpg,0
91_no.jpg,0
92_no.jpg,0
93_no.jpg,0
94_no.jpg,0
95_no.jpg,0
96_no.jpg,0
97_no.jpg,0
98_no.jpg,0
99_no.jpg,0
9_no.jpg,0
Y1.jpg,1
Y10.jpg,1
Y100.jpg,1
Y101.jpg,1
Y102.jpg,1
Y103.jpg,1
Y104.jpg,1
Y105.jpg,1
Y106.jpg,1
Y107.jpg,1
Y108.jpg,1
Y109.jpg,1
Y11.jpg,1
Y111.jpg,1
Y112.jpg,1
Y113.jpg,1
Y114.jpg,1
Y115.jpg,1
Y116.jpg,1
Y117.jpg,1
Y12.jpg,1
Y120.jpg,1
Y13.jpg,1
Y14.jpg,1
Y146.jpg,1
Y147.jpg,1
Y148.jpg,1
Y15.jpg,1
Y153.jpg,1
Y154.jpg,1
Y155.jpg,1
Y156.jpg,1
Y157.jpg,1
Y158.jpg,1
Y159.jpg,1
Y16.jpg,1
Y160.jpg,1
Y161.jpg,1
Y162.jpg,1
Y163.jpg,1
Y164.jpg,1
Y165.jpg,1
Y166.jpg,1
Y167.jpg,1
Y168.jpg,1
Y169.jpg,1
Y17.jpg,1
Y170.jpg,1
Y18.jpg,1
Y180.jpg,1
Y181.jpg,1
Y182.jpg,1
Y183.jpg,1
Y184.jpg,1
Y185.jpg,1
Y186.jpg,1
Y187.jpg,1
Y188.jpg,1
Y19.jpg,1
Y192.jpg,1
Y193.jpg,1
Y194.jpg,1
Y195.jpg,1
Y2.jpg,1
Y20.jpg,1
Y21.jpg,1
Y22.jpg,1
Y23.jpg,1
Y24.jpg,1
Y242.jpg,1
Y243.jpg,1
Y244.jpg,1
Y245.jpg,1
Y246.jpg,1
Y247.jpg,1
Y248.jpg,1
Y249.jpg,1
Y25.jpg,1
Y250.jpg,1
Y251.jpg,1
Y252.jpg,1
Y253.jpg,1
Y254.jpg,1
Y255.jpg,1
Y256.jpg,1
Y257.jpg,1
Y258.jpg,1
Y259.jpg,1
Y26.jpg,1
Y27.jpg,1
Y28.jpg,1
Y29.jpg,1
Y3.jpg,1
Y30.jpg,1
Y31.jpg,1
Y32.jpg,1
Y33.jpg,1
Y34.jpg,1
Y35.jpg,1
Y36.jpg,1
Y37.jpg,1
Y38.jpg,1
Y39.jpg,1
Y4.jpg,1
Y40.jpg,1
Y41.jpg,1
Y42.jpg,1
Y44.jpg,1
Y45.jpg,1
Y46.jpg,1
Y47.jpg,1
Y49.jpg,1
Y50.jpg,1
Y51.jpg,1
Y52.jpg,1
Y53.jpg,1
Y54.jpg,1
Y55.jpg,1
Y56.jpg,1
Y58.jpg,1
Y59.jpg,1
Y6.jpg,1
Y60.jpg,1
Y61.jpg,1
Y62.jpg,1
Y65.jpg,1
Y66.jpg,1
Y67.jpg,1
Y69.jpg,1
Y7.jpg,1
Y70.jpg,1
Y71.jpg,1
Y73.jpg,1
Y74.jpg,1
Y75.jpg,1
Y76.jpg,1
Y77.jpg,1
Y78.jpg,1
Y79.jpg,1
Y8.jpg,1
Y81.jpg,1
Y82.jpg,1
Y85.jpg,1
Y86.jpg,1
Y89.jpg,1
Y9.jpg,1
Y90.jpg,1
Y91.jpg,1
Y92.jpg,1
Y92.jpg,1
Y95.jpg,1
Y96.jpg,1
Y97.jpg,1
Y98.jpg,1
Y99.jpg,1
